<?xml version="1.0" encoding="UTF-8"?>
<?xml-stylesheet type="text/xsl" href="resume.xsl"?>

<resume>
  <header>
  	<name>Jingwei Li</name>
  	<address>
  		<street>143 Major St</street>
  		<city>Toronto</city>
  		<province>Ontario</province>
  		<country>Canada</country>
  		<postalCode>M5S 2K9</postalCode>
  	</address>
  	<contact>
  		<phone>7822341037</phone>
  		<email>cqlijingwei@126.com</email>
  		<personalWeb>http://cqlijingwei.github.io</personalWeb>
  	</contact>
  </header>

  <content>
  	<objective>
  		To put my skills in practice of full-stack development since September, 2018.
  	</objective>
  	<skills>
  		<technical>
  			<dataTools>
  				MySQL, MongoDB, Hyperion, Tableau, GGY AXIS, Anaconda, SAS
  			</dataTools>
  			<programming>
  				Java(3yr),C(5yr),Python(2yr),R,Octave,Matlab,VBA,HTML,JavaScript
  			</programming>
  			<operatingSystem>
  				Windows, Mac OS, Linux
  			</operatingSystem>
  		</technical>
  	</skills>
  	<education>
  		<degree>
  			Bachelor of Science(Double Major in Computer Science and Actuarial Science)
  		</degree>
  		<university>
  			University of Toronto, Toronto, ON       		  Sep 2016 - Aug 2018
  		</university>
  		<university>
  			Dalhousie University, Halifax, NS				      Sep 2015 - Aug 2016
  		</university>
  		<university>
  			University of Macau, Macau, China				      Sep 2013 - Jan 2015
  		</university>
  	</education>
  	<work>
  		<job>
  			<title>
  				Junior Application Programmer-Ministry of Education, North York, ON        									                 May 2018 - Aug 2018
  			</title>
  			<description>
  				<bullet>Supported existing and new applications with Spring and MyBatis framework.</bullet>
  				<bullet>Used Cloud Service Data Sync to transfer information between frontend and backend platforms.</bullet>
  				<bullet>Delivered new functions for on-going development of Web App and backend functions.</bullet>
  				<bullet>Modified HTML, MySQL and Java code to optimize application process in full-stack logic.</bullet>
  			</description>
  		</job>
  		<job>
  			<title>
  				Junior Market Analyst-IESO, Oakville, ON   	May 2017 - Aug 2017
  			</title>
  			<description>
  				<bullet>Performed ETL jobs from multiple data sources including Hyperion, Tableau, Excel.</bullet>
  				<bullet>Modeled and analyzed various data resources regarding to electricity market.</bullet>
  				<bullet>Delivered weekly presentation to colleagues and supervisor about past week issues.</bullet>
  				<bullet>Produced word records about abnormal events generators reported.</bullet>
  			</description>
  		</job>
  	</work>
  </content>
</resume>